{
  "Sustyicons-black-bold": [
    255,
    255,
    255,
    255
  ],
  "Sustyicons-black-medium": [
    255,
    255,
    255,
    255
  ],
  "Sustyicons-black-solid": [
    255,
    255,
    255,
    255
  ],
  "Sustyicons-black-thin": [
    255,
    255,
    255,
    255
  ],
  "Sustyicons-codeword-green-bold": [
    30,
    30,
    30,
    255
  ],
  "Sustyicons-codeword-green-medium": [
    30,
    30,
    30,
    255
  ],
  "Sustyicons-codeword-green-solid": [
    30,
    30,
    30,
    255
  ],
  "Sustyicons-codeword-green-thin": [
    30,
    30,
    30,
    255
  ],
  "Sustyicons-dark-grey-bold": [
    255,
    255,
    255,
    255
  ],
  "Sustyicons-dark-grey-medium": [
    255,
    255,
    255,
    255
  ],
  "Sustyicons-dark-grey-solid": [
    255,
    255,
    255,
    255
  ],
  "Sustyicons-dark-grey-thin": [
    255,
    255,
    255,
    255
  ],
  "Sustyicons-grey-bold": [
    255,
    255,
    255,
    255
  ],
  "Sustyicons-grey-medium": [
    255,
    255,
    255,
    255
  ],
  "Sustyicons-grey-solid": [
    255,
    255,
    255,
    255
  ],
  "Sustyicons-grey-thin": [
    255,
    255,
    255,
    255
  ],
  "Sustyicons-light-bold": [
    30,
    30,
    30,
    255
  ],
  "Sustyicons-light-medium": [
    30,
    30,
    30,
    255
  ],
  "Sustyicons-light-solid": [
    30,
    30,
    30,
    255
  ],
  "Sustyicons-light-thin": [
    30,
    30,
    30,
    255
  ],
  "Sustyicons-off-black-bold": [
    255,
    255,
    255,
    255
  ],
  "Sustyicons-off-black-medium": [
    255,
    255,
    255,
    255
  ],
  "Sustyicons-off-black-solid": [
    255,
    255,
    255,
    255
  ],
  "Sustyicons-off-black-thin": [
    255,
    255,
    255,
    255
  ],
  "Sustyicons-w3c-blue-bold": [
    255,
    255,
    255,
    255
  ],
  "Sustyicons-w3c-blue-medium": [
    255,
    255,
    255,
    255
  ],
  "Sustyicons-w3c-blue-solid": [
    255,
    255,
    255,
    255
  ],
  "Sustyicons-w3c-blue-thin": [
    255,
    255,
    255,
    255
  ],
  "Sustyicons-white-bold": [
    30,
    30,
    30,
    255
  ],
  "Sustyicons-white-solid": [
    30,
    30,
    30,
    255
  ],
  "Sustyicons-white-thin": [
    30,
    30,
    30,
    255
  ],
  "Sustyicons-white-medium": [
    30,
    30,
    30,
    255
  ]
}